1678838400,2023-03-15 00:00:00 +0000 UTC,local,9.33,,9.3,10.68,1022,,,,1.37,,,sky is clear
1678842000,2023-03-15 01:00:00 +0000 UTC,local,9.0,,9.0,9.61,1022,,,,2.4,,,sky is clear
1678845600,2023-03-15 02:00:00 +0000 UTC,local,8.67,,8.56,9.78,1021,,,,1.2,,,few clouds
1678849200,2023-03-15 03:00:00 +0000 UTC,local,7.67,,7.37,8.66,1020,,,,1.2,,,few clouds
1678852800,2023-03-15 04:00:00 +0000 UTC,local,8.0,,8.0,8.1,1020,,,,0.34,,,few clouds
1678856400,2023-03-15 05:00:00 +0000 UTC,local,7.67,,7.38,8.93,1019,,,,01.03,,,sky is clear
1678860000,2023-03-15 06:00:00 +0000 UTC,local,7.33,,7.15,8.35,1019,,,,02.06,,,sky is clear
1678863600,2023-03-15 07:00:00 +0000 UTC,local,8.33,,08.08,9.44,1019,,,,4.12,,,sky is clear
1678867200,2023-03-15 08:00:00 +0000 UTC,local,10.0,,9.0,11.9,1018,,,,3.77,,,sky is clear
1678870800,2023-03-15 09:00:00 +0000 UTC,local,12.67,,11.32,14.35,1018,,,,4.12,,,sky is clear
1678874400,2023-03-15 10:00:00 +0000 UTC,local,15.0,,14.0,16.37,1018,,,,3.77,,,sky is clear
1678878000,2023-03-15 11:00:00 +0000 UTC,local,17.0,,16.0,18.53,1017,,,,2.92,,,sky is clear
1678881600,2023-03-15 12:00:00 +0000 UTC,local,17.67,,17.3,18.64,1017,,,,3.43,,,sky is clear
1678885200,2023-03-15 13:00:00 +0000 UTC,local,17.67,,17.37,18.51,1016,,,,2.57,,,sky is clear
1678888800,2023-03-15 14:00:00 +0000 UTC,local,19.0,,18.0,20.66,1015,,,,2.23,,,sky is clear
1678892400,2023-03-15 15:00:00 +0000 UTC,local,18.67,,18.53,20.55,1014,,,,2.74,,,sky is clear
1678896000,2023-03-15 16:00:00 +0000 UTC,local,18.0,,18.0,18.42,1014,,,,2.4,,,sky is clear
1678899600,2023-03-15 17:00:00 +0000 UTC,local,17.33,,17.17,18.33,1014,,,,1.71,,,sky is clear
1678903200,2023-03-15 18:00:00 +0000 UTC,local,15.33,,14.08,17.76,1014,,,,0.68,,,sky is clear
1678906800,2023-03-15 19:00:00 +0000 UTC,local,13.0,,12.0,14.85,1014,,,,0.51,,,sky is clear
1678910400,2023-03-15 20:00:00 +0000 UTC,local,11.67,,11.14,12.62,1014,,,,0.34,,,sky is clear
1678914000,2023-03-15 21:00:00 +0000 UTC,local,11.67,,11.33,12.84,1013,,,,2.23,,,sky is clear
1678917600,2023-03-15 22:00:00 +0000 UTC,local,11.67,,11.28,12.43,1012,,,,2.23,,,sky is clear
1678921200,2023-03-15 23:00:00 +0000 UTC,local,11.0,,11.0,11.72,1012,,,,2.4,,,sky is clear
1678924800,2023-03-16 00:00:00 +0000 UTC,local,11.0,,11.0,11.6,1012,,,,2.23,,,sky is clear
1678928400,2023-03-16 01:00:00 +0000 UTC,local,10.0,,9.0,11.02,1012,,,,0.51,,,sky is clear
1678932000,2023-03-16 02:00:00 +0000 UTC,local,10.0,,9.0,11.78,1011,,,,1.89,,,sky is clear
1678935600,2023-03-16 03:00:00 +0000 UTC,local,10.0,,10.0,10.47,1010,,,,2.4,,,sky is clear
1678939200,2023-03-16 04:00:00 +0000 UTC,local,9.33,,09.04,10.21,1010,,,,2.92,,,sky is clear
1678942800,2023-03-16 05:00:00 +0000 UTC,local,9.0,,9.0,9.27,1010,,,,1.88,,,sky is clear
1678946400,2023-03-16 06:00:00 +0000 UTC,local,9.0,,9.0,9.16,1010,,,,2.4,,,sky is clear
1678950000,2023-03-16 07:00:00 +0000 UTC,local,9.33,,09.06,10.53,1010,,,,2.75,,,sky is clear
1678953600,2023-03-16 08:00:00 +0000 UTC,local,11.67,,10.26,13.3,1010,,,,3.6,,,few clouds
1678957200,2023-03-16 09:00:00 +0000 UTC,local,13.67,,13.47,14.87,1011,,,,4.97,,,few clouds
1678960800,2023-03-16 10:00:00 +0000 UTC,local,15.0,,14.0,16.8,1010,,,,6.0,,,few clouds
1678964400,2023-03-16 11:00:00 +0000 UTC,local,16.67,,16.53,18.66,1009,,,,6.69,,,few clouds
1678968000,2023-03-16 12:00:00 +0000 UTC,local,16.0,,15.0,18.89,1008,,,,6.17,,,sky is clear
1678971600,2023-03-16 13:00:00 +0000 UTC,local,15.0,,15.0,15.59,1008,,,,4.63,,,sky is clear
1678975200,2023-03-16 14:00:00 +0000 UTC,local,15.0,,15.0,15.83,1008,,,,5.14,,,scattered clouds
1678978800,2023-03-16 15:00:00 +0000 UTC,local,15.0,,15.0,15.6,1008,,,,5.66,,,scattered clouds
1678982400,2023-03-16 16:00:00 +0000 UTC,local,14.67,,14.5,15.54,1008,,,,4.97,,,scattered clouds
1678986000,2023-03-16 17:00:00 +0000 UTC,local,13.67,,13.04,14.05,1008,,,,5.66,,,light rain
1678989600,2023-03-16 18:00:00 +0000 UTC,local,13.33,,13.17,14.3,1008,,,,6.35,,,moderate rain
1678993200,2023-03-16 19:00:00 +0000 UTC,local,13.0,,13.0,13.05,1008,,,,4.8,,,light rain
1678996800,2023-03-16 20:00:00 +0000 UTC,local,13.67,,13.22,14.26,1009,,,,4.29,,,overcast clouds
1679000400,2023-03-16 21:00:00 +0000 UTC,local,14.0,,14.0,14.54,1009,,,,3.6,,,broken clouds
1679004000,2023-03-16 22:00:00 +0000 UTC,local,14.0,,14.0,14.03,1009,,,,4.12,,,broken clouds
1679007600,2023-03-16 23:00:00 +0000 UTC,local,14.0,,14.0,14.63,1009,,,,4.97,,,broken clouds
1679011200,2023-03-17 00:00:00 +0000 UTC,local,14.0,,14.0,14.38,1009,,,,5.14,,,broken clouds
1679014800,2023-03-17 01:00:00 +0000 UTC,local,13.67,,13.47,14.89,1009,,,,5.48,,,broken clouds
1679018400,2023-03-17 02:00:00 +0000 UTC,local,12.67,,12.61,13.69,1009,,,,4.8,,,few clouds
1679022000,2023-03-17 03:00:00 +0000 UTC,local,13.0,,13.0,13.06,1009,,,,3.6,,,few clouds
1679025600,2023-03-17 04:00:00 +0000 UTC,local,13.0,,13.0,13.7,1009,,,,3.26,,,few clouds
1679029200,2023-03-17 05:00:00 +0000 UTC,local,13.0,,13.0,13.39,1009,,,,4.29,,,light rain
1679032800,2023-03-17 06:00:00 +0000 UTC,local,13.0,,13.0,13.89,1010,,,,4.97,,,few clouds
1679036400,2023-03-17 07:00:00 +0000 UTC,local,13.0,,13.0,13.8,1010,,,,5.48,,,light rain
1679040000,2023-03-17 08:00:00 +0000 UTC,local,13.33,,13.21,14.31,1011,,,,6.0,,,broken clouds
1679043600,2023-03-17 09:00:00 +0000 UTC,local,14.0,,13.0,15.33,1011,,,,5.83,,,broken clouds
1679047200,2023-03-17 10:00:00 +0000 UTC,local,14.33,,13.32,15.55,1012,,,,6.17,,,broken clouds
1679050800,2023-03-17 11:00:00 +0000 UTC,local,15.0,,15.0,15.55,1012,,,,5.66,,,scattered clouds
1679054400,2023-03-17 12:00:00 +0000 UTC,local,13.67,,13.27,15.48,1013,,,,6.0,,,scattered clouds
1679058000,2023-03-17 13:00:00 +0000 UTC,local,14.0,,13.0,15.39,1013,,,,4.63,,,broken clouds
1679061600,2023-03-17 14:00:00 +0000 UTC,local,14.67,,14.63,15.92,1013,,,,4.97,,,scattered clouds
1679065200,2023-03-17 15:00:00 +0000 UTC,local,14.67,,14.52,15.92,1013,,,,5.14,,,scattered clouds
1679068800,2023-03-17 16:00:00 +0000 UTC,local,13.67,,13.09,14.86,1013,,,,4.97,,,scattered clouds
1679072400,2023-03-17 17:00:00 +0000 UTC,local,14.0,,14.0,14.62,1013,,,,4.63,,,scattered clouds
1679076000,2023-03-17 18:00:00 +0000 UTC,local,13.67,,13.12,14.67,1013,,,,4.46,,,scattered clouds
1679079600,2023-03-17 19:00:00 +0000 UTC,local,13.33,,13.08,14.27,1014,,,,4.46,,,scattered clouds
1679083200,2023-03-17 20:00:00 +0000 UTC,local,13.33,,13.12,14.93,1014,,,,3.94,,,broken clouds
1679086800,2023-03-17 21:00:00 +0000 UTC,local,12.67,,12.21,13.36,1015,,,,3.77,,,few clouds
1679090400,2023-03-17 22:00:00 +0000 UTC,local,12.0,,12.0,12.49,1015,,,,03.09,,,moderate rain
1679094000,2023-03-17 23:00:00 +0000 UTC,local,11.67,,11.36,12.44,1015,,,,02.06,,,few clouds
1679097600,2023-03-18 00:00:00 +0000 UTC,local,11.33,,11.15,12.8,1016,,,,02.06,,,few clouds
1679101200,2023-03-18 01:00:00 +0000 UTC,local,12.33,,11.14,13.23,1016,,,,02.06,,,scattered clouds
1679104800,2023-03-18 02:00:00 +0000 UTC,local,12.33,,12.33,13.93,1016,,,,2.23,,,scattered clouds
1679108400,2023-03-18 03:00:00 +0000 UTC,local,12.67,,12.19,13.78,1016,,,,2.92,,,scattered clouds
1679112000,2023-03-18 04:00:00 +0000 UTC,local,12.67,,12.62,13.89,1016,,,,2.92,,,moderate rain
1679115600,2023-03-18 05:00:00 +0000 UTC,local,12.0,,12.0,12.13,1016,,,,2.4,,,moderate rain
1679119200,2023-03-18 06:00:00 +0000 UTC,local,12.33,,12.03,13.74,1016,,,,2.4,,,moderate rain
1679122800,2023-03-18 07:00:00 +0000 UTC,local,12.33,,12.04,13.75,1017,,,,2.57,,,moderate rain
1679126400,2023-03-18 08:00:00 +0000 UTC,local,12.33,,12.23,13.99,1018,,,,2.92,,,scattered clouds
1679130000,2023-03-18 09:00:00 +0000 UTC,local,13.67,,13.58,14.72,1018,,,,03.09,,,scattered clouds
1679133600,2023-03-18 10:00:00 +0000 UTC,local,14.67,,14.23,15.36,1019,,,,4.46,,,broken clouds
1679137200,2023-03-18 11:00:00 +0000 UTC,local,14.0,,13.0,15.1,1019,,,,4.97,,,broken clouds
1679140800,2023-03-18 12:00:00 +0000 UTC,local,14.33,,14.11,15.2,1019,,,,5.14,,,broken clouds
1679144400,2023-03-18 13:00:00 +0000 UTC,local,14.67,,14.48,15.55,1020,,,,4.97,,,broken clouds
1679148000,2023-03-18 14:00:00 +0000 UTC,local,15.0,,15.0,15.45,1019,,,,4.8,,,broken clouds
1679151600,2023-03-18 15:00:00 +0000 UTC,local,15.0,,15.0,15.21,1020,,,,5.14,,,scattered clouds
1679155200,2023-03-18 16:00:00 +0000 UTC,local,14.67,,14.22,15.46,1020,,,,4.63,,,scattered clouds
1679158800,2023-03-18 17:00:00 +0000 UTC,local,13.67,,13.48,14.78,1020,,,,3.43,,,broken clouds
1679162400,2023-03-18 18:00:00 +0000 UTC,local,12.67,,12.2,13.59,1021,,,,2.57,,,few clouds
1679166000,2023-03-18 19:00:00 +0000 UTC,local,11.67,,11.51,12.86,1021,,,,2.23,,,few clouds
1679169600,2023-03-18 20:00:00 +0000 UTC,local,11.0,,11.0,11.64,1022,,,,02.06,,,few clouds
1679173200,2023-03-18 21:00:00 +0000 UTC,local,10.67,,10.55,11.94,1022,,,,02.06,,,few clouds
1679176800,2023-03-18 22:00:00 +0000 UTC,local,10.0,,10.0,10.6,1022,,,,1.2,,,few clouds
1679180400,2023-03-18 23:00:00 +0000 UTC,local,9.67,,9.18,10.71,1023,,,,1.37,,,few clouds
1679184000,2023-03-19 00:00:00 +0000 UTC,local,9.33,,09.06,10.25,1023,,,,01.03,,,few clouds
1679187600,2023-03-19 01:00:00 +0000 UTC,local,8.67,,08.04,9.11,1023,,,,0.34,,,few clouds
1679191200,2023-03-19 02:00:00 +0000 UTC,local,8.0,,8.0,8.67,1022,,,,1.54,,,few clouds
1679194800,2023-03-19 03:00:00 +0000 UTC,local,8.0,,8.0,08.09,1022,,,,0.86,,,few clouds
1679198400,2023-03-19 04:00:00 +0000 UTC,local,7.0,,6.0,8.8,1022,,,,0.69,,,few clouds
1679202000,2023-03-19 05:00:00 +0000 UTC,local,6.33,,6.32,7.48,1022,,,,01.03,,,few clouds
1679205600,2023-03-19 06:00:00 +0000 UTC,local,6.0,,6.0,6.24,1023,,,,1.2,,,few clouds
1679209200,2023-03-19 07:00:00 +0000 UTC,local,7.67,,6.22,9.93,1023,,,,1.37,,,sky is clear
1679212800,2023-03-19 08:00:00 +0000 UTC,local,9.67,,9.13,11.84,1023,,,,2.92,,,sky is clear
1679216400,2023-03-19 09:00:00 +0000 UTC,local,11.33,,11.03,12.05,1023,,,,3.77,,,few clouds
1679220000,2023-03-19 10:00:00 +0000 UTC,local,13.67,,12.34,15.96,1023,,,,2.74,,,few clouds
1679223600,2023-03-19 11:00:00 +0000 UTC,local,15.0,,15.0,15.14,1023,,,,02.06,,,few clouds
1679227200,2023-03-19 12:00:00 +0000 UTC,local,15.33,,15.1,16.9,1022,,,,2.91,,,few clouds
1679230800,2023-03-19 13:00:00 +0000 UTC,local,15.67,,15.46,16.81,1022,,,,3.26,,,few clouds
1679234400,2023-03-19 14:00:00 +0000 UTC,local,16.0,,16.0,16.63,1022,,,,3.95,,,sky is clear
1679238000,2023-03-19 15:00:00 +0000 UTC,local,16.0,,16.0,16.35,1022,,,,3.78,,,sky is clear
1679241600,2023-03-19 16:00:00 +0000 UTC,local,15.67,,15.36,16.72,1022,,,,3.6,,,sky is clear
1679245200,2023-03-19 17:00:00 +0000 UTC,local,14.33,,14.04,15.87,1022,,,,4.29,,,sky is clear
1679248800,2023-03-19 18:00:00 +0000 UTC,local,13.0,,12.0,14.46,1022,,,,3.26,,,sky is clear
1679252400,2023-03-19 19:00:00 +0000 UTC,local,11.67,,11.36,12.79,1022,,,,2.57,,,sky is clear
1679256000,2023-03-19 20:00:00 +0000 UTC,local,10.67,,10.42,11.94,1022,,,,1.54,,,sky is clear
1679259600,2023-03-19 21:00:00 +0000 UTC,local,9.67,,9.41,10.5,1022,,,,1.2,,,sky is clear
1679263200,2023-03-19 22:00:00 +0000 UTC,local,9.33,,9.16,10.82,1022,,,,0.34,,,sky is clear
1679266800,2023-03-19 23:00:00 +0000 UTC,local,9.0,,9.0,9.59,1022,,,,1.2,,,sky is clear
1679270400,2023-03-20 00:00:00 +0000 UTC,local,9.0,,9.0,9.97,1022,,,,1.71,,,sky is clear
1679274000,2023-03-20 01:00:00 +0000 UTC,local,9.0,,9.0,9.93,1022,,,,1.71,,,sky is clear
1679277600,2023-03-20 02:00:00 +0000 UTC,local,9.0,,9.0,9.59,1021,,,,0.86,,,sky is clear
1679281200,2023-03-20 03:00:00 +0000 UTC,local,9.0,,9.0,9.43,1021,,,,1.37,,,sky is clear
1679284800,2023-03-20 04:00:00 +0000 UTC,local,8.33,,08.07,9.32,1021,,,,0.86,,,sky is clear
1679288400,2023-03-20 05:00:00 +0000 UTC,local,7.33,,06.02,8.21,1021,,,,01.03,,,sky is clear
1679292000,2023-03-20 06:00:00 +0000 UTC,local,6.67,,6.16,7.22,1021,,,,0.86,,,few clouds
1679295600,2023-03-20 07:00:00 +0000 UTC,local,7.67,,7.47,9.72,1021,,,,0.51,,,few clouds
1679299200,2023-03-20 08:00:00 +0000 UTC,local,11.0,,9.0,13.69,1022,,,,1.54,,,few clouds
1679302800,2023-03-20 09:00:00 +0000 UTC,local,14.0,,13.0,15.7,1022,,,,02.06,,,sky is clear
1679306400,2023-03-20 10:00:00 +0000 UTC,local,16.0,,15.0,17.69,1022,,,,2.57,,,sky is clear
1679310000,2023-03-20 11:00:00 +0000 UTC,local,17.67,,17.59,18.78,1022,,,,2.57,,,sky is clear
1679313600,2023-03-20 12:00:00 +0000 UTC,local,17.67,,17.07,18.17,1021,,,,03.09,,,sky is clear
1679317200,2023-03-20 13:00:00 +0000 UTC,local,18.33,,18.01,19.13,1021,,,,2.92,,,sky is clear
1679320800,2023-03-20 14:00:00 +0000 UTC,local,17.33,,16.2,19.48,1021,,,,03.09,,,sky is clear
1679324400,2023-03-20 15:00:00 +0000 UTC,local,16.33,,16.28,17.36,1020,,,,2.74,,,sky is clear
1679328000,2023-03-20 16:00:00 +0000 UTC,local,15.33,,15.0,16.85,1020,,,,3.77,,,sky is clear
1679331600,2023-03-20 17:00:00 +0000 UTC,local,14.33,,14.29,15.7,1020,,,,4.29,,,few clouds
1679335200,2023-03-20 18:00:00 +0000 UTC,local,13.0,,12.0,14.7,1020,,,,3.26,,,few clouds
1679338800,2023-03-20 19:00:00 +0000 UTC,local,12.0,,12.0,12.77,1021,,,,02.06,,,scattered clouds
1679342400,2023-03-20 20:00:00 +0000 UTC,local,11.33,,11.16,12.49,1021,,,,1.37,,,scattered clouds
1679346000,2023-03-20 21:00:00 +0000 UTC,local,10.67,,10.35,11.91,1021,,,,0.86,,,few clouds
1679349600,2023-03-20 22:00:00 +0000 UTC,local,10.67,,10.55,11.67,1021,,,,0.34,,,broken clouds
1679353200,2023-03-20 23:00:00 +0000 UTC,local,11.67,,11.38,12.81,1021,,,,0.51,,,broken clouds
1679356800,2023-03-21 00:00:00 +0000 UTC,local,12.0,,12.0,12.13,1021,,,,0.68,,,broken clouds
1679360400,2023-03-21 01:00:00 +0000 UTC,local,12.0,,12.0,12.3,1021,,,,0.68,,,broken clouds
1679364000,2023-03-21 02:00:00 +0000 UTC,local,12.0,,12.0,12.75,1020,,,,1.89,,,broken clouds
1679367600,2023-03-21 03:00:00 +0000 UTC,local,12.0,,12.0,12.24,1020,,,,1.89,,,broken clouds
1679371200,2023-03-21 04:00:00 +0000 UTC,local,11.33,,11.29,12.83,1020,,,,2.23,,,broken clouds
1679374800,2023-03-21 05:00:00 +0000 UTC,local,11.0,,11.0,11.74,1020,,,,2.4,,,broken clouds
1679378400,2023-03-21 06:00:00 +0000 UTC,local,11.0,,11.0,11.65,1020,,,,02.06,,,broken clouds
1679382000,2023-03-21 07:00:00 +0000 UTC,local,11.33,,11.15,12.26,1020,,,,2.23,,,broken clouds
1679385600,2023-03-21 08:00:00 +0000 UTC,local,12.33,,12.01,13.39,1020,,,,1.37,,,broken clouds
1679389200,2023-03-21 09:00:00 +0000 UTC,local,14.0,,13.0,15.96,1021,,,,2.23,,,broken clouds
1679392800,2023-03-21 10:00:00 +0000 UTC,local,14.33,,14.28,15.6,1021,,,,2.75,,,broken clouds
1679396400,2023-03-21 11:00:00 +0000 UTC,local,16.0,,15.0,17.37,1021,,,,1.89,,,few clouds
1679400000,2023-03-21 12:00:00 +0000 UTC,local,16.0,,16.0,16.66,1020,,,,2.92,,,few clouds
1679403600,2023-03-21 13:00:00 +0000 UTC,local,16.0,,16.0,16.97,1020,,,,3.94,,,few clouds
1679407200,2023-03-21 14:00:00 +0000 UTC,local,15.67,,15.04,16.46,1019,,,,3.77,,,few clouds
1679410800,2023-03-21 15:00:00 +0000 UTC,local,15.67,,15.53,16.58,1019,,,,3.6,,,few clouds
1679414400,2023-03-21 16:00:00 +0000 UTC,local,15.33,,15.02,16.63,1019,,,,3.77,,,few clouds
1679418000,2023-03-21 17:00:00 +0000 UTC,local,14.67,,14.12,15.72,1019,,,,3.26,,,few clouds
1679421600,2023-03-21 18:00:00 +0000 UTC,local,13.33,,13.17,14.79,1019,,,,2.92,,,sky is clear
1679425200,2023-03-21 19:00:00 +0000 UTC,local,12.67,,12.62,13.93,1019,,,,2.57,,,sky is clear
1679428800,2023-03-21 20:00:00 +0000 UTC,local,11.67,,11.27,12.35,1019,,,,1.72,,,few clouds
1679432400,2023-03-21 21:00:00 +0000 UTC,local,11.67,,11.3,12.88,1019,,,,1.54,,,broken clouds
1679436000,2023-03-21 22:00:00 +0000 UTC,local,11.33,,11.15,12.72,1019,,,,0.69,,,scattered clouds
1679439600,2023-03-21 23:00:00 +0000 UTC,local,11.0,,11.0,11.94,1019,,,,0.51,,,scattered clouds
1679443200,2023-03-22 00:00:00 +0000 UTC,local,11.0,,11.0,11.63,1018,,,,0.17,,,scattered clouds
1679446800,2023-03-22 01:00:00 +0000 UTC,local,11.0,,11.0,11.06,1018,,,,0.86,,,few clouds
1679450400,2023-03-22 02:00:00 +0000 UTC,local,10.67,,10.09,11.63,1017,,,,2.4,,,scattered clouds
1679454000,2023-03-22 03:00:00 +0000 UTC,local,10.0,,10.0,10.39,1017,,,,1.89,,,scattered clouds
1679457600,2023-03-22 04:00:00 +0000 UTC,local,10.67,,10.16,11.41,1017,,,,3.43,,,scattered clouds
1679461200,2023-03-22 05:00:00 +0000 UTC,local,11.0,,11.0,11.33,1017,,,,3.77,,,scattered clouds
1679464800,2023-03-22 06:00:00 +0000 UTC,local,10.67,,10.59,11.63,1016,,,,3.78,,,few clouds
1679468400,2023-03-22 07:00:00 +0000 UTC,local,11.0,,10.0,12.03,1017,,,,3.43,,,few clouds
1679472000,2023-03-22 08:00:00 +0000 UTC,local,12.33,,12.28,13.32,1017,,,,3.43,,,few clouds
1679475600,2023-03-22 09:00:00 +0000 UTC,local,14.0,,13.0,15.49,1017,,,,3.77,,,broken clouds
1679479200,2023-03-22 10:00:00 +0000 UTC,local,15.0,,15.0,15.49,1017,,,,4.12,,,scattered clouds
1679482800,2023-03-22 11:00:00 +0000 UTC,local,15.0,,15.0,15.9,1017,,,,4.46,,,scattered clouds
1679486400,2023-03-22 12:00:00 +0000 UTC,local,15.0,,15.0,15.5,1018,,,,4.46,,,scattered clouds
1679490000,2023-03-22 13:00:00 +0000 UTC,local,15.33,,15.25,16.44,1017,,,,4.8,,,broken clouds
1679493600,2023-03-22 14:00:00 +0000 UTC,local,15.67,,15.09,16.09,1017,,,,4.8,,,scattered clouds
1679497200,2023-03-22 15:00:00 +0000 UTC,local,15.33,,15.19,16.29,1016,,,,4.97,,,scattered clouds
1679500800,2023-03-22 16:00:00 +0000 UTC,local,15.33,,15.05,16.1,1016,,,,4.97,,,scattered clouds
1679504400,2023-03-22 17:00:00 +0000 UTC,local,14.33,,14.19,15.3,1016,,,,4.63,,,scattered clouds
1679508000,2023-03-22 18:00:00 +0000 UTC,local,14.0,,14.0,14.08,1016,,,,4.46,,,scattered clouds
1679511600,2023-03-22 19:00:00 +0000 UTC,local,14.0,,14.0,14.35,1016,,,,4.29,,,scattered clouds
1679515200,2023-03-22 20:00:00 +0000 UTC,local,14.0,,14.0,14.69,1016,,,,4.46,,,scattered clouds
1679518800,2023-03-22 21:00:00 +0000 UTC,local,14.0,,14.0,14.46,1017,,,,4.46,,,broken clouds
1679522400,2023-03-22 22:00:00 +0000 UTC,local,14.0,,14.0,14.22,1017,,,,4.8,,,broken clouds
1679526000,2023-03-22 23:00:00 +0000 UTC,local,14.0,,14.0,14.36,1016,,,,4.8,,,broken clouds
1679529600,2023-03-23 00:00:00 +0000 UTC,local,14.0,,14.0,14.87,1016,,,,4.97,,,broken clouds
1679533200,2023-03-23 01:00:00 +0000 UTC,local,14.0,,14.0,14.56,1015,,,,4.97,,,broken clouds
1679536800,2023-03-23 02:00:00 +0000 UTC,local,14.0,,14.0,14.93,1014,,,,4.46,,,overcast clouds
1679540400,2023-03-23 03:00:00 +0000 UTC,local,13.67,,13.42,14.56,1014,,,,4.63,,,overcast clouds
1679544000,2023-03-23 04:00:00 +0000 UTC,local,13.0,,13.0,13.81,1014,,,,4.63,,,overcast clouds
1679547600,2023-03-23 05:00:00 +0000 UTC,local,13.0,,13.0,13.06,1014,,,,4.8,,,overcast clouds
1679551200,2023-03-23 06:00:00 +0000 UTC,local,13.0,,13.0,13.55,1014,,,,5.32,,,overcast clouds
1679554800,2023-03-23 07:00:00 +0000 UTC,local,13.33,,13.12,14.26,1014,,,,5.31,,,overcast clouds
1679558400,2023-03-23 08:00:00 +0000 UTC,local,14.0,,14.0,14.26,1014,,,,6.17,,,overcast clouds
1679562000,2023-03-23 09:00:00 +0000 UTC,local,14.67,,14.03,15.42,1014,,,,7.55,,,overcast clouds
1679565600,2023-03-23 10:00:00 +0000 UTC,local,15.0,,15.0,15.04,1015,,,,8.23,,,overcast clouds
1679569200,2023-03-23 11:00:00 +0000 UTC,local,14.33,,14.3,15.37,1015,,,,8.75,,,overcast clouds
1679572800,2023-03-23 12:00:00 +0000 UTC,local,14.0,,14.0,14.34,1015,,,,7.89,,,Light Rain
1679576400,2023-03-23 13:00:00 +0000 UTC,local,14.67,,14.12,15.27,1014,,,,8.58,,,overcast clouds
1679580000,2023-03-23 14:00:00 +0000 UTC,local,15.0,,15.0,15.12,1014,,,,8.92,,,broken clouds
1679583600,2023-03-23 15:00:00 +0000 UTC,local,15.0,,15.0,15.94,1014,,,,8.58,,,broken clouds
1679587200,2023-03-23 16:00:00 +0000 UTC,local,15.0,,15.0,15.19,1014,,,,8.58,,,overcast clouds
1679590800,2023-03-23 17:00:00 +0000 UTC,local,15.0,,15.0,15.48,1014,,,,8.92,,,overcast clouds
1679594400,2023-03-23 18:00:00 +0000 UTC,local,14.67,,14.37,15.48,1014,,,,8.23,,,Light Rain
1679598000,2023-03-23 19:00:00 +0000 UTC,local,14.0,,14.0,14.37,1014,,,,8.4,,,Light Rain
1679601600,2023-03-23 20:00:00 +0000 UTC,local,14.0,,14.0,14.6,1014,,,,8.23,,,overcast clouds
1679605200,2023-03-23 21:00:00 +0000 UTC,local,14.0,,14.0,14.85,1015,,,,7.72,,,moderate rain
1679608800,2023-03-23 22:00:00 +0000 UTC,local,14.67,,14.58,15.96,1015,,,,7.55,,,overcast clouds
1679612400,2023-03-23 23:00:00 +0000 UTC,local,15.0,,15.0,15.04,1015,,,,7.2,,,overcast clouds
1679616000,2023-03-24 00:00:00 +0000 UTC,local,15.0,,15.0,15.53,1015,,,,7.2,,,overcast clouds
1679619600,2023-03-24 01:00:00 +0000 UTC,local,15.0,,15.0,15.44,1015,,,,7.38,,,overcast clouds
1679623200,2023-03-24 02:00:00 +0000 UTC,local,14.33,,13.24,15.9,1015,,,,6.69,,,moderate rain
1679626800,2023-03-24 03:00:00 +0000 UTC,local,13.0,,13.0,13.93,1015,,,,4.12,,,moderate rain
1679630400,2023-03-24 04:00:00 +0000 UTC,local,12.0,,11.0,13.75,1015,,,,3.95,,,moderate rain
1679634000,2023-03-24 05:00:00 +0000 UTC,local,11.0,,11.0,11.39,1016,,,,1.54,,,light rain
1679637600,2023-03-24 06:00:00 +0000 UTC,local,11.33,,11.07,12.37,1017,,,,0.17,,,overcast clouds
1679641200,2023-03-24 07:00:00 +0000 UTC,local,12.0,,12.0,12.03,1018,,,,1.54,,,overcast clouds
1679644800,2023-03-24 08:00:00 +0000 UTC,local,13.33,,12.12,15.27,1019,,,,1.37,,,scattered clouds
1679648400,2023-03-24 09:00:00 +0000 UTC,local,15.0,,15.0,15.48,1020,,,,1.2,,,scattered clouds
1679652000,2023-03-24 10:00:00 +0000 UTC,local,15.33,,15.16,16.21,1021,,,,02.06,,,scattered clouds
1679655600,2023-03-24 11:00:00 +0000 UTC,local,15.67,,15.25,16.86,1021,,,,2.4,,,scattered clouds
1679659200,2023-03-24 12:00:00 +0000 UTC,local,15.67,,15.06,16.95,1022,,,,3.26,,,broken clouds
1679662800,2023-03-24 13:00:00 +0000 UTC,local,16.0,,16.0,16.43,1022,,,,3.26,,,broken clouds
1679666400,2023-03-24 14:00:00 +0000 UTC,local,16.33,,16.11,17.33,1022,,,,3.26,,,broken clouds
1679670000,2023-03-24 15:00:00 +0000 UTC,local,16.33,,16.31,17.5,1022,,,,3.6,,,scattered clouds
1679673600,2023-03-24 16:00:00 +0000 UTC,local,16.0,,16.0,16.68,1022,,,,3.26,,,few clouds
1679677200,2023-03-24 17:00:00 +0000 UTC,local,15.33,,15.12,16.21,1022,,,,2.57,,,few clouds
1679680800,2023-03-24 18:00:00 +0000 UTC,local,14.33,,14.01,15.35,1023,,,,2.4,,,few clouds
1679684400,2023-03-24 19:00:00 +0000 UTC,local,13.0,,12.0,14.53,1023,,,,01.03,,,few clouds
1679688000,2023-03-24 20:00:00 +0000 UTC,local,11.33,,11.18,12.85,1023,,,,0.34,,,sky is clear
1679691600,2023-03-24 21:00:00 +0000 UTC,local,10.67,,10.05,11.5,1023,,,,0.86,,,few clouds
1679695200,2023-03-24 22:00:00 +0000 UTC,local,9.67,,9.51,10.97,1023,,,,01.03,,,few clouds
1679698800,2023-03-24 23:00:00 +0000 UTC,local,9.33,,09.04,10.38,1024,,,,0.51,,,few clouds
1679702400,2023-03-25 00:00:00 +0000 UTC,local,9.33,,9.17,10.88,1024,,,,0.51,,,few clouds
1679706000,2023-03-25 01:00:00 +0000 UTC,local,9.0,,9.0,9.59,1024,,,,0.34,,,sky is clear
1679709600,2023-03-25 02:00:00 +0000 UTC,local,9.0,,9.0,9.22,1023,,,,2.4,,,sky is clear
1679713200,2023-03-25 03:00:00 +0000 UTC,local,8.67,,8.63,9.98,1023,,,,3.6,,,sky is clear
1679716800,2023-03-25 04:00:00 +0000 UTC,local,8.67,,8.58,9.92,1023,,,,3.95,,,sky is clear
1679720400,2023-03-25 05:00:00 +0000 UTC,local,9.0,,9.0,9.87,1023,,,,4.12,,,sky is clear
1679724000,2023-03-25 06:00:00 +0000 UTC,local,9.0,,9.0,9.25,1023,,,,4.29,,,sky is clear
1679727600,2023-03-25 07:00:00 +0000 UTC,local,9.33,,9.14,10.55,1023,,,,4.12,,,sky is clear
1679731200,2023-03-25 08:00:00 +0000 UTC,local,11.0,,10.0,12.33,1023,,,,3.95,,,sky is clear
1679734800,2023-03-25 09:00:00 +0000 UTC,local,13.67,,12.14,15.16,1023,,,,4.29,,,sky is clear
1679738400,2023-03-25 10:00:00 +0000 UTC,local,15.33,,15.07,16.24,1023,,,,5.32,,,few clouds
1679742000,2023-03-25 11:00:00 +0000 UTC,local,16.0,,16.0,16.72,1023,,,,5.83,,,broken clouds
1679745600,2023-03-25 12:00:00 +0000 UTC,local,16.33,,16.12,17.29,1023,,,,6.17,,,broken clouds
1679749200,2023-03-25 13:00:00 +0000 UTC,local,15.67,,15.54,17.86,1023,,,,6.69,,,broken clouds
1679752800,2023-03-25 14:00:00 +0000 UTC,local,15.0,,15.0,15.75,1022,,,,6.69,,,broken clouds
1679756400,2023-03-25 15:00:00 +0000 UTC,local,15.0,,15.0,15.97,1022,,,,7.2,,,broken clouds
1679760000,2023-03-25 16:00:00 +0000 UTC,local,15.0,,15.0,15.76,1022,,,,7.37,,,broken clouds
1679763600,2023-03-25 17:00:00 +0000 UTC,local,15.0,,15.0,15.86,1022,,,,6.86,,,broken clouds
1679767200,2023-03-25 18:00:00 +0000 UTC,local,15.0,,15.0,15.23,1021,,,,6.69,,,broken clouds
1679770800,2023-03-25 19:00:00 +0000 UTC,local,15.0,,15.0,15.62,1021,,,,6.0,,,broken clouds
1679774400,2023-03-25 20:00:00 +0000 UTC,local,15.0,,15.0,15.19,1021,,,,5.66,,,broken clouds
1679778000,2023-03-25 21:00:00 +0000 UTC,local,15.0,,15.0,15.43,1022,,,,4.97,,,light rain
1679781600,2023-03-25 22:00:00 +0000 UTC,local,14.33,,13.04,15.49,1022,,,,4.97,,,light rain
1679785200,2023-03-25 23:00:00 +0000 UTC,local,13.67,,13.37,14.61,1022,,,,3.6,,,broken clouds
1679788800,2023-03-26 00:00:00 +0000 UTC,local,14.0,,14.0,14.31,1022,,,,03.09,,,broken clouds
1679792400,2023-03-26 01:00:00 +0000 UTC,local,14.0,,14.0,14.3,1022,,,,3.26,,,broken clouds
1679796000,2023-03-26 02:00:00 +0000 UTC,local,13.33,,13.32,14.63,1022,,,,03.09,,,scattered clouds
1679799600,2023-03-26 03:00:00 +0000 UTC,local,12.67,,12.19,13.48,1022,,,,2.57,,,broken clouds
1679803200,2023-03-26 04:00:00 +0000 UTC,local,12.33,,12.25,13.9,1022,,,,2.23,,,broken clouds
1679806800,2023-03-26 05:00:00 +0000 UTC,local,11.33,,11.07,12.5,1022,,,,1.37,,,few clouds
1679810400,2023-03-26 06:00:00 +0000 UTC,local,10.33,,10.26,11.44,1023,,,,0.85,,,few clouds
1679814000,2023-03-26 07:00:00 +0000 UTC,local,10.0,,10.0,10.73,1023,,,,1.71,,,few clouds
1679817600,2023-03-26 08:00:00 +0000 UTC,local,11.0,,10.0,12.19,1024,,,,1.71,,,few clouds
1679821200,2023-03-26 09:00:00 +0000 UTC,local,13.0,,12.0,14.81,1025,,,,2.57,,,few clouds
1679824800,2023-03-26 10:00:00 +0000 UTC,local,13.67,,13.42,14.82,1025,,,,4.12,,,few clouds
1679828400,2023-03-26 11:00:00 +0000 UTC,local,14.67,,14.33,15.69,1026,,,,4.29,,,few clouds
1679832000,2023-03-26 12:00:00 +0000 UTC,local,15.33,,15.01,16.25,1026,,,,4.12,,,few clouds
1679835600,2023-03-26 13:00:00 +0000 UTC,local,15.33,,15.16,16.65,1026,,,,4.63,,,few clouds
1679839200,2023-03-26 14:00:00 +0000 UTC,local,15.0,,15.0,15.54,1026,,,,4.8,,,few clouds
1679842800,2023-03-26 15:00:00 +0000 UTC,local,15.33,,15.17,16.39,1025,,,,4.63,,,few clouds
1679846400,2023-03-26 16:00:00 +0000 UTC,local,15.33,,15.06,16.15,1025,,,,4.97,,,few clouds
1679850000,2023-03-26 17:00:00 +0000 UTC,local,15.0,,15.0,15.22,1025,,,,5.14,,,sky is clear
1679853600,2023-03-26 18:00:00 +0000 UTC,local,14.33,,14.21,15.23,1025,,,,4.63,,,sky is clear
1679857200,2023-03-26 19:00:00 +0000 UTC,local,13.0,,12.0,14.83,1025,,,,3.6,,,sky is clear
1679860800,2023-03-26 20:00:00 +0000 UTC,local,11.67,,11.63,12.85,1025,,,,2.74,,,sky is clear
1679864400,2023-03-26 21:00:00 +0000 UTC,local,10.67,,10.35,11.58,1025,,,,2.23,,,sky is clear
1679868000,2023-03-26 22:00:00 +0000 UTC,local,10.0,,10.0,10.8,1025,,,,2.75,,,sky is clear
1679871600,2023-03-26 23:00:00 +0000 UTC,local,9.33,,9.18,10.22,1025,,,,1.54,,,sky is clear
1679875200,2023-03-27 00:00:00 +0000 UTC,local,9.0,,9.0,9.13,1025,,,,0.86,,,sky is clear
1679878800,2023-03-27 01:00:00 +0000 UTC,local,8.67,,8.17,9.63,1025,,,,0.86,,,sky is clear
1679882400,2023-03-27 02:00:00 +0000 UTC,local,7.33,,7.18,8.52,1025,,,,0.68,,,sky is clear
1679886000,2023-03-27 03:00:00 +0000 UTC,local,7.33,,7.31,8.92,1024,,,,1.71,,,sky is clear
1679889600,2023-03-27 04:00:00 +0000 UTC,local,8.0,,8.0,8.63,1023,,,,2.4,,,sky is clear
1679893200,2023-03-27 05:00:00 +0000 UTC,local,7.67,,7.64,8.7,1023,,,,1.71,,,sky is clear
1679896800,2023-03-27 06:00:00 +0000 UTC,local,8.0,,8.0,8.31,1022,,,,1.89,,,sky is clear
1679900400,2023-03-27 07:00:00 +0000 UTC,local,8.0,,8.0,8.5,1023,,,,2.23,,,sky is clear
1679904000,2023-03-27 08:00:00 +0000 UTC,local,10.0,,8.0,12.27,1023,,,,2.74,,,sky is clear
1679907600,2023-03-27 09:00:00 +0000 UTC,local,12.67,,12.15,14.89,1023,,,,3.6,,,sky is clear
1679911200,2023-03-27 10:00:00 +0000 UTC,local,15.0,,14.0,16.51,1023,,,,3.26,,,sky is clear
1679914800,2023-03-27 11:00:00 +0000 UTC,local,17.0,,16.0,18.1,1023,,,,03.09,,,sky is clear
1679918400,2023-03-27 12:00:00 +0000 UTC,local,18.67,,18.3,19.78,1023,,,,2.23,,,sky is clear
1679922000,2023-03-27 13:00:00 +0000 UTC,local,19.0,,19.0,19.93,1022,,,,2.4,,,sky is clear
1679925600,2023-03-27 14:00:00 +0000 UTC,local,18.33,,18.06,19.2,1022,,,,03.09,,,sky is clear
1679929200,2023-03-27 15:00:00 +0000 UTC,local,17.67,,17.16,18.63,1022,,,,3.26,,,sky is clear
1679932800,2023-03-27 16:00:00 +0000 UTC,local,17.33,,17.32,18.78,1021,,,,2.74,,,sky is clear
1679936400,2023-03-27 17:00:00 +0000 UTC,local,17.0,,16.0,18.57,1021,,,,2.92,,,sky is clear
1679940000,2023-03-27 18:00:00 +0000 UTC,local,15.67,,15.13,16.94,1021,,,,2.92,,,sky is clear
1679943600,2023-03-27 19:00:00 +0000 UTC,local,14.67,,14.5,15.82,1021,,,,02.06,,,sky is clear
1679947200,2023-03-27 20:00:00 +0000 UTC,local,13.67,,13.42,14.5,1021,,,,1.89,,,sky is clear
1679950800,2023-03-27 21:00:00 +0000 UTC,local,13.0,,12.0,14.22,1021,,,,01.03,,,sky is clear
1679954400,2023-03-27 22:00:00 +0000 UTC,local,11.0,,10.0,12.36,1021,,,,0.86,,,sky is clear
1679958000,2023-03-27 23:00:00 +0000 UTC,local,10.67,,10.17,12.67,1022,,,,0.86,,,sky is clear
1679961600,2023-03-28 00:00:00 +0000 UTC,local,11.33,,10.19,12.96,1021,,,,01.03,,,sky is clear
1679965200,2023-03-28 01:00:00 +0000 UTC,local,12.0,,12.0,12.49,1021,,,,2.23,,,sky is clear
1679968800,2023-03-28 02:00:00 +0000 UTC,local,12.0,,12.0,12.91,1020,,,,3.26,,,sky is clear
1679972400,2023-03-28 03:00:00 +0000 UTC,local,12.33,,12.17,13.37,1020,,,,4.97,,,sky is clear
1679976000,2023-03-28 04:00:00 +0000 UTC,local,12.33,,12.01,13.75,1020,,,,4.8,,,sky is clear
1679979600,2023-03-28 05:00:00 +0000 UTC,local,12.0,,12.0,12.21,1020,,,,02.05,,,sky is clear
1679983200,2023-03-28 06:00:00 +0000 UTC,local,12.0,,12.0,12.07,1020,,,,2.23,,,sky is clear
1679986800,2023-03-28 07:00:00 +0000 UTC,local,12.0,,12.0,12.29,1020,,,,4.12,,,sky is clear
1679990400,2023-03-28 08:00:00 +0000 UTC,local,13.0,,12.0,14.41,1020,,,,5.15,,,sky is clear
1679994000,2023-03-28 09:00:00 +0000 UTC,local,15.33,,14.05,17.32,1020,,,,5.66,,,sky is clear
1679997600,2023-03-28 10:00:00 +0000 UTC,local,18.33,,17.18,20.68,1020,,,,4.46,,,sky is clear
1680001200,2023-03-28 11:00:00 +0000 UTC,local,21.0,,20.0,22.85,1021,,,,03.09,,,sky is clear
1680004800,2023-03-28 12:00:00 +0000 UTC,local,22.0,,22.0,22.43,1021,,,,3.6,,,sky is clear
1680008400,2023-03-28 13:00:00 +0000 UTC,local,21.67,,21.35,22.64,1021,,,,5.14,,,sky is clear
1680012000,2023-03-28 14:00:00 +0000 UTC,local,21.33,,21.24,22.36,1020,,,,5.14,,,sky is clear
1680015600,2023-03-28 15:00:00 +0000 UTC,local,20.33,,20.09,21.52,1020,,,,4.12,,,sky is clear
1680019200,2023-03-28 16:00:00 +0000 UTC,local,20.67,,20.65,21.88,1020,,,,2.74,,,sky is clear
1680022800,2023-03-28 17:00:00 +0000 UTC,local,21.0,,21.0,21.3,1019,,,,1.71,,,sky is clear
1680026400,2023-03-28 18:00:00 +0000 UTC,local,20.33,,19.03,21.06,1019,,,,1.89,,,sky is clear
1680030000,2023-03-28 19:00:00 +0000 UTC,local,18.0,,17.0,19.75,1020,,,,02.06,,,sky is clear
1680033600,2023-03-28 20:00:00 +0000 UTC,local,16.33,,15.26,17.57,1020,,,,2.57,,,sky is clear
1680037200,2023-03-28 21:00:00 +0000 UTC,local,16.0,,15.0,17.85,1020,,,,2.74,,,sky is clear
1680040800,2023-03-28 22:00:00 +0000 UTC,local,17.0,,17.0,17.44,1020,,,,2.4,,,sky is clear
1680044400,2023-03-28 23:00:00 +0000 UTC,local,16.67,,16.67,17.76,1020,,,,02.06,,,sky is clear
1680048000,2023-03-29 00:00:00 +0000 UTC,local,16.67,,16.16,17.94,1020,,,,2.4,,,sky is clear
1680051600,2023-03-29 01:00:00 +0000 UTC,local,16.33,,16.27,17.47,1020,,,,2.91,,,sky is clear
1680055200,2023-03-29 02:00:00 +0000 UTC,local,16.0,,16.0,16.13,1019,,,,3.6,,,sky is clear
1680058800,2023-03-29 03:00:00 +0000 UTC,local,15.67,,15.3,16.77,1019,,,,3.26,,,sky is clear
1680062400,2023-03-29 04:00:00 +0000 UTC,local,14.67,,13.36,16.48,1018,,,,3.6,,,sky is clear
1680066000,2023-03-29 05:00:00 +0000 UTC,local,14.33,,13.18,15.89,1018,,,,3.43,,,sky is clear
1680069600,2023-03-29 06:00:00 +0000 UTC,local,14.67,,14.34,15.93,1018,,,,3.77,,,sky is clear
1680073200,2023-03-29 07:00:00 +0000 UTC,local,15.33,,15.27,16.47,1018,,,,5.14,,,sky is clear
1680076800,2023-03-29 08:00:00 +0000 UTC,local,17.0,,16.0,18.29,1019,,,,5.83,,,sky is clear
1680080400,2023-03-29 09:00:00 +0000 UTC,local,18.67,,18.15,19.66,1019,,,,7.55,,,sky is clear
1680084000,2023-03-29 10:00:00 +0000 UTC,local,19.67,,19.18,20.6,1019,,,,8.4,,,sky is clear
1680087600,2023-03-29 11:00:00 +0000 UTC,local,20.67,,20.27,21.39,1020,,,,9.26,,,sky is clear
1680091200,2023-03-29 12:00:00 +0000 UTC,local,20.67,,20.04,21.98,1019,,,,10.11,,,sky is clear
1680094800,2023-03-29 13:00:00 +0000 UTC,local,20.33,,20.13,21.58,1019,,,,9.94,,,sky is clear
1680098400,2023-03-29 14:00:00 +0000 UTC,local,19.67,,19.49,20.85,1020,,,,9.43,,,sky is clear
1680102000,2023-03-29 15:00:00 +0000 UTC,local,19.0,,19.0,19.55,1020,,,,8.75,,,sky is clear
1680105600,2023-03-29 16:00:00 +0000 UTC,local,18.33,,18.32,19.83,1020,,,,7.72,,,broken clouds
1680109200,2023-03-29 17:00:00 +0000 UTC,local,17.67,,17.42,18.97,1020,,,,6.69,,,broken clouds
1680112800,2023-03-29 18:00:00 +0000 UTC,local,17.0,,17.0,17.66,1021,,,,5.83,,,broken clouds
1680116400,2023-03-29 19:00:00 +0000 UTC,local,17.0,,17.0,17.92,1021,,,,5.66,,,broken clouds
1680120000,2023-03-29 20:00:00 +0000 UTC,local,16.33,,16.09,17.77,1021,,,,5.31,,,broken clouds
1680123600,2023-03-29 21:00:00 +0000 UTC,local,16.0,,16.0,16.69,1021,,,,5.14,,,broken clouds
1680127200,2023-03-29 22:00:00 +0000 UTC,local,16.0,,16.0,16.4,1022,,,,5.14,,,broken clouds
1680130800,2023-03-29 23:00:00 +0000 UTC,local,16.0,,16.0,16.11,1022,,,,5.14,,,broken clouds
1680134400,2023-03-30 00:00:00 +0000 UTC,local,16.0,,16.0,16.08,1022,,,,4.8,,,broken clouds
1680138000,2023-03-30 01:00:00 +0000 UTC,local,16.0,,16.0,16.23,1022,,,,4.12,,,broken clouds
1680141600,2023-03-30 02:00:00 +0000 UTC,local,16.0,,16.0,16.06,1022,,,,3.6,,,broken clouds
1680145200,2023-03-30 03:00:00 +0000 UTC,local,15.33,,15.15,16.49,1022,,,,3.26,,,broken clouds
1680148800,2023-03-30 04:00:00 +0000 UTC,local,15.0,,15.0,15.36,1022,,,,3.26,,,overcast clouds
1680152400,2023-03-30 05:00:00 +0000 UTC,local,15.0,,15.0,15.01,1022,,,,03.09,,,overcast clouds
1680156000,2023-03-30 06:00:00 +0000 UTC,local,15.0,,15.0,15.42,1022,,,,3.43,,,broken clouds
1680159600,2023-03-30 07:00:00 +0000 UTC,local,15.0,,15.0,15.83,1022,,,,4.63,,,broken clouds
1680163200,2023-03-30 08:00:00 +0000 UTC,local,15.0,,15.0,15.69,1023,,,,4.8,,,broken clouds
1680166800,2023-03-30 09:00:00 +0000 UTC,local,15.33,,15.02,16.84,1023,,,,5.31,,,broken clouds
1680170400,2023-03-30 10:00:00 +0000 UTC,local,16.33,,16.09,17.92,1024,,,,6.17,,,broken clouds
1680174000,2023-03-30 11:00:00 +0000 UTC,local,17.33,,17.15,18.73,1024,,,,07.03,,,broken clouds
1680177600,2023-03-30 12:00:00 +0000 UTC,local,17.33,,17.09,18.96,1024,,,,7.2,,,broken clouds
1680181200,2023-03-30 13:00:00 +0000 UTC,local,17.0,,17.0,17.68,1024,,,,7.72,,,broken clouds
1680184800,2023-03-30 14:00:00 +0000 UTC,local,17.0,,17.0,17.1,1024,,,,8.4,,,broken clouds
1680188400,2023-03-30 15:00:00 +0000 UTC,local,17.0,,17.0,17.53,1024,,,,8.23,,,broken clouds
1680192000,2023-03-30 16:00:00 +0000 UTC,local,17.0,,17.0,17.26,1024,,,,8.23,,,broken clouds
1680195600,2023-03-30 17:00:00 +0000 UTC,local,16.67,,16.45,17.73,1023,,,,8.4,,,broken clouds
1680199200,2023-03-30 18:00:00 +0000 UTC,local,16.0,,16.0,16.07,1023,,,,7.37,,,broken clouds
1680202800,2023-03-30 19:00:00 +0000 UTC,local,16.0,,16.0,16.39,1024,,,,07.03,,,broken clouds
1680206400,2023-03-30 20:00:00 +0000 UTC,local,16.0,,16.0,16.28,1024,,,,7.37,,,broken clouds
1680210000,2023-03-30 21:00:00 +0000 UTC,local,16.0,,16.0,16.73,1024,,,,7.54,,,overcast clouds
1680213600,2023-03-30 22:00:00 +0000 UTC,local,16.0,,16.0,16.89,1024,,,,07.03,,,Light Rain
1680217200,2023-03-30 23:00:00 +0000 UTC,local,15.33,,15.29,16.84,1024,,,,6.34,,,Light Rain
1680220800,2023-03-31 00:00:00 +0000 UTC,local,15.0,,15.0,15.11,1024,,,,6.17,,,Light Rain
1680224400,2023-03-31 01:00:00 +0000 UTC,local,15.0,,15.0,15.55,1024,,,,5.49,,,Light Rain
1680228000,2023-03-31 02:00:00 +0000 UTC,local,15.0,,15.0,15.93,1023,,,,4.46,,,Light Rain
1680231600,2023-03-31 03:00:00 +0000 UTC,local,15.0,,15.0,15.31,1023,,,,3.78,,,overcast clouds
1680235200,2023-03-31 04:00:00 +0000 UTC,local,15.0,,15.0,15.42,1023,,,,3.77,,,overcast clouds
1680238800,2023-03-31 05:00:00 +0000 UTC,local,15.0,,15.0,15.52,1023,,,,4.12,,,overcast clouds
1680242400,2023-03-31 06:00:00 +0000 UTC,local,15.0,,15.0,15.27,1023,,,,3.26,,,overcast clouds
1680246000,2023-03-31 07:00:00 +0000 UTC,local,14.33,,14.22,15.3,1023,,,,2.4,,,broken clouds
1680249600,2023-03-31 08:00:00 +0000 UTC,local,14.67,,14.46,15.59,1024,,,,1.89,,,broken clouds
1680253200,2023-03-31 09:00:00 +0000 UTC,local,15.33,,15.21,16.75,1024,,,,2.23,,,Light Rain
1680256800,2023-03-31 10:00:00 +0000 UTC,local,16.0,,16.0,16.93,1024,,,,3.43,,,broken clouds
1680260400,2023-03-31 11:00:00 +0000 UTC,local,16.0,,16.0,16.6,1025,,,,3.26,,,broken clouds
1680264000,2023-03-31 12:00:00 +0000 UTC,local,16.33,,16.08,17.61,1025,,,,4.12,,,scattered clouds
1680267600,2023-03-31 13:00:00 +0000 UTC,local,16.67,,16.15,17.28,1025,,,,3.77,,,broken clouds
1680271200,2023-03-31 14:00:00 +0000 UTC,local,16.67,,16.16,17.61,1025,,,,4.11,,,broken clouds
1680274800,2023-03-31 15:00:00 +0000 UTC,local,16.33,,16.08,17.24,1025,,,,4.63,,,broken clouds
1680278400,2023-03-31 16:00:00 +0000 UTC,local,16.0,,16.0,16.47,1025,,,,4.12,,,scattered clouds
1680282000,2023-03-31 17:00:00 +0000 UTC,local,16.0,,16.0,16.59,1025,,,,3.6,,,scattered clouds
1680285600,2023-03-31 18:00:00 +0000 UTC,local,15.33,,15.06,16.25,1025,,,,03.09,,,scattered clouds
1680289200,2023-03-31 19:00:00 +0000 UTC,local,15.0,,15.0,15.43,1025,,,,2.57,,,scattered clouds
1680292800,2023-03-31 20:00:00 +0000 UTC,local,14.67,,14.34,15.85,1025,,,,1.89,,,scattered clouds
1680296400,2023-03-31 21:00:00 +0000 UTC,local,14.0,,14.0,14.1,1025,,,,1.54,,,scattered clouds
1680300000,2023-03-31 22:00:00 +0000 UTC,local,14.0,,14.0,14.71,1026,,,,1.37,,,scattered clouds
1680303600,2023-03-31 23:00:00 +0000 UTC,local,14.0,,14.0,14.72,1025,,,,1.88,,,broken clouds
1680307200,2023-04-01 00:00:00 +0000 UTC,local,14.0,,14.0,14.32,1025,,,,02.06,,,broken clouds
1680310800,2023-04-01 01:00:00 +0000 UTC,local,14.0,,14.0,14.98,1025,,,,1.71,,,broken clouds
1680314400,2023-04-01 02:00:00 +0000 UTC,local,14.0,,14.0,14.97,1025,,,,1.88,,,broken clouds
1680318000,2023-04-01 03:00:00 +0000 UTC,local,14.0,,14.0,14.92,1025,,,,2.23,,,light rain
1680321600,2023-04-01 04:00:00 +0000 UTC,local,14.0,,14.0,14.67,1024,,,,2.23,,,scattered clouds
1680325200,2023-04-01 05:00:00 +0000 UTC,local,14.0,,14.0,14.25,1024,,,,1.54,,,light rain
1680328800,2023-04-01 06:00:00 +0000 UTC,local,13.67,,13.05,14.61,1025,,,,1.37,,,light rain
1680332400,2023-04-01 07:00:00 +0000 UTC,local,13.0,,13.0,13.01,1025,,,,01.03,,,scattered clouds
1680336000,2023-04-01 08:00:00 +0000 UTC,local,13.0,,13.0,13.94,1024,,,,1.71,,,light rain
1680339600,2023-04-01 09:00:00 +0000 UTC,local,13.0,,13.0,13.31,1024,,,,2.23,,,scattered clouds
1680343200,2023-04-01 10:00:00 +0000 UTC,local,13.0,,13.0,13.84,1025,,,,1.71,,,light rain
1680346800,2023-04-01 11:00:00 +0000 UTC,local,13.0,,13.0,13.94,1025,,,,1.89,,,light rain
1680350400,2023-04-01 12:00:00 +0000 UTC,local,14.0,,13.0,15.92,1024,,,,2.74,,,light rain
1680354000,2023-04-01 13:00:00 +0000 UTC,local,15.0,,15.0,15.37,1024,,,,03.09,,,broken clouds
1680357600,2023-04-01 14:00:00 +0000 UTC,local,15.0,,15.0,15.31,1024,,,,1.54,,,light rain
1680361200,2023-04-01 15:00:00 +0000 UTC,local,15.0,,15.0,15.05,1024,,,,1.71,,,light rain
1680364800,2023-04-01 16:00:00 +0000 UTC,local,15.0,,15.0,15.07,1024,,,,2.92,,,broken clouds
1680368400,2023-04-01 17:00:00 +0000 UTC,local,15.33,,15.22,16.48,1024,,,,4.29,,,broken clouds
1680372000,2023-04-01 18:00:00 +0000 UTC,local,15.0,,15.0,15.98,1024,,,,4.97,,,broken clouds
1680375600,2023-04-01 19:00:00 +0000 UTC,local,14.67,,14.44,15.67,1024,,,,4.12,,,few clouds
1680379200,2023-04-01 20:00:00 +0000 UTC,local,13.33,,13.22,14.95,1024,,,,4.12,,,sky is clear
1680382800,2023-04-01 21:00:00 +0000 UTC,local,12.33,,12.14,13.92,1025,,,,3.95,,,sky is clear
1680386400,2023-04-01 22:00:00 +0000 UTC,local,11.33,,11.03,12.97,1026,,,,3.26,,,sky is clear
1680390000,2023-04-01 23:00:00 +0000 UTC,local,10.33,,10.29,11.7,1026,,,,2.92,,,sky is clear
1680393600,2023-04-02 00:00:00 +0000 UTC,local,9.67,,9.28,10.44,1026,,,,2.92,,,sky is clear
1680397200,2023-04-02 01:00:00 +0000 UTC,local,9.33,,9.15,10.31,1026,,,,2.92,,,sky is clear
1680400800,2023-04-02 02:00:00 +0000 UTC,local,8.67,,8.25,9.38,1026,,,,2.4,,,sky is clear
1680404400,2023-04-02 03:00:00 +0000 UTC,local,8.67,,08.03,9.71,1026,,,,2.92,,,sky is clear
1680408000,2023-04-02 04:00:00 +0000 UTC,local,7.33,,6.3,9.88,1026,,,,2.92,,,sky is clear
1680411600,2023-04-02 05:00:00 +0000 UTC,local,5.67,,5.5,6.59,1026,,,,02.06,,,sky is clear
1680415200,2023-04-02 06:00:00 +0000 UTC,local,4.67,,4.39,5.62,1026,,,,1.71,,,sky is clear
1680418800,2023-04-02 07:00:00 +0000 UTC,local,5.0,,4.0,7.48,1026,,,,1.89,,,sky is clear
1680422400,2023-04-02 08:00:00 +0000 UTC,local,8.67,,7.26,10.68,1027,,,,1.37,,,sky is clear
1680426000,2023-04-02 09:00:00 +0000 UTC,local,11.0,,10.0,12.24,1027,,,,2.74,,,sky is clear
1680429600,2023-04-02 10:00:00 +0000 UTC,local,13.33,,12.14,14.87,1027,,,,2.91,,,sky is clear
1680433200,2023-04-02 11:00:00 +0000 UTC,local,15.0,,14.0,16.47,1027,,,,2.23,,,sky is clear
1680436800,2023-04-02 12:00:00 +0000 UTC,local,16.33,,16.29,17.57,1027,,,,2.4,,,sky is clear
1680440400,2023-04-02 13:00:00 +0000 UTC,local,17.33,,17.15,18.37,1026,,,,2.74,,,sky is clear
1680444000,2023-04-02 14:00:00 +0000 UTC,local,16.67,,16.61,17.91,1026,,,,4.46,,,sky is clear
1680447600,2023-04-02 15:00:00 +0000 UTC,local,16.33,,16.19,17.76,1025,,,,4.46,,,sky is clear
1680451200,2023-04-02 16:00:00 +0000 UTC,local,16.0,,16.0,16.38,1025,,,,4.63,,,sky is clear
1680454800,2023-04-02 17:00:00 +0000 UTC,local,16.67,,16.46,17.85,1024,,,,4.29,,,sky is clear
1680458400,2023-04-02 18:00:00 +0000 UTC,local,16.33,,15.31,17.34,1024,,,,3.95,,,sky is clear
1680462000,2023-04-02 19:00:00 +0000 UTC,local,14.67,,14.13,15.28,1024,,,,4.12,,,sky is clear
1680465600,2023-04-02 20:00:00 +0000 UTC,local,12.67,,12.11,14.24,1024,,,,3.43,,,sky is clear
1680469200,2023-04-02 21:00:00 +0000 UTC,local,11.67,,11.32,12.83,1024,,,,2.23,,,sky is clear
1680472800,2023-04-02 22:00:00 +0000 UTC,local,10.67,,10.01,11.36,1024,,,,0.86,,,sky is clear
1680476400,2023-04-02 23:00:00 +0000 UTC,local,9.67,,9.44,10.45,1023,,,,01.03,,,sky is clear
1680480000,2023-04-03 00:00:00 +0000 UTC,local,9.33,,9.1,10.62,1023,,,,0.68,,,sky is clear
1680483600,2023-04-03 01:00:00 +0000 UTC,local,8.33,,8.22,9.71,1022,,,,0.69,,,sky is clear
1680487200,2023-04-03 02:00:00 +0000 UTC,local,8.0,,8.0,8.74,1021,,,,0.34,,,sky is clear
1680490800,2023-04-03 03:00:00 +0000 UTC,local,8.67,,8.38,10.46,1021,,,,0.68,,,sky is clear
1680494400,2023-04-03 04:00:00 +0000 UTC,local,8.67,,8.57,9.87,1021,,,,0.86,,,sky is clear
1680498000,2023-04-03 05:00:00 +0000 UTC,local,9.0,,9.0,09.01,1020,,,,0.0,,,sky is clear
1680501600,2023-04-03 06:00:00 +0000 UTC,local,9.33,,9.23,10.45,1020,,,,0.69,,,sky is clear
1680505200,2023-04-03 07:00:00 +0000 UTC,local,9.33,,9.33,10.75,1020,,,,0.51,,,sky is clear
1680508800,2023-04-03 08:00:00 +0000 UTC,local,10.33,,9.2,12.27,1019,,,,1.54,,,sky is clear
1680512400,2023-04-03 09:00:00 +0000 UTC,local,12.67,,12.35,14.88,1019,,,,4.29,,,sky is clear
1680516000,2023-04-03 10:00:00 +0000 UTC,local,15.0,,14.0,16.14,1019,,,,3.77,,,sky is clear
1680519600,2023-04-03 11:00:00 +0000 UTC,local,16.67,,16.03,17.28,1019,,,,2.57,,,sky is clear
1680523200,2023-04-03 12:00:00 +0000 UTC,local,16.67,,16.34,17.7,1019,,,,2.74,,,sky is clear
1680526800,2023-04-03 13:00:00 +0000 UTC,local,16.33,,16.19,17.19,1018,,,,3.43,,,scattered clouds
1680530400,2023-04-03 14:00:00 +0000 UTC,local,16.33,,16.02,17.43,1017,,,,2.4,,,scattered clouds
1680534000,2023-04-03 15:00:00 +0000 UTC,local,16.33,,16.13,17.22,1016,,,,1.71,,,few clouds
1680537600,2023-04-03 16:00:00 +0000 UTC,local,16.0,,16.0,16.39,1015,,,,01.03,,,few clouds
1680541200,2023-04-03 17:00:00 +0000 UTC,local,16.0,,16.0,16.44,1014,,,,1.37,,,few clouds
1680544800,2023-04-03 18:00:00 +0000 UTC,local,16.0,,16.0,16.13,1013,,,,03.09,,,few clouds
1680548400,2023-04-03 19:00:00 +0000 UTC,local,15.0,,14.0,16.99,1013,,,,3.6,,,light rain
1680552000,2023-04-03 20:00:00 +0000 UTC,local,14.0,,14.0,14.11,1013,,,,5.31,,,light rain
1680555600,2023-04-03 21:00:00 +0000 UTC,local,13.67,,13.39,14.98,1014,,,,6.17,,,light rain
1680559200,2023-04-03 22:00:00 +0000 UTC,local,13.0,,13.0,13.19,1014,,,,6.52,,,broken clouds
1680562800,2023-04-03 23:00:00 +0000 UTC,local,13.0,,13.0,13.23,1014,,,,5.31,,,sky is clear
1680566400,2023-04-04 00:00:00 +0000 UTC,local,13.0,,13.0,13.77,1014,,,,4.63,,,sky is clear
1680570000,2023-04-04 01:00:00 +0000 UTC,local,12.67,,12.5,13.64,1014,,,,3.26,,,sky is clear
1680573600,2023-04-04 02:00:00 +0000 UTC,local,12.0,,12.0,12.27,1013,,,,2.92,,,sky is clear
1680577200,2023-04-04 03:00:00 +0000 UTC,local,12.0,,12.0,12.9,1013,,,,2.57,,,sky is clear
1680580800,2023-04-04 04:00:00 +0000 UTC,local,11.67,,11.54,12.62,1013,,,,2.23,,,sky is clear
1680584400,2023-04-04 05:00:00 +0000 UTC,local,11.0,,11.0,11.85,1013,,,,2.57,,,sky is clear
1680588000,2023-04-04 06:00:00 +0000 UTC,local,10.33,,10.21,11.66,1013,,,,1.54,,,sky is clear
1680591600,2023-04-04 07:00:00 +0000 UTC,local,9.67,,9.14,10.49,1013,,,,1.54,,,sky is clear
1680595200,2023-04-04 08:00:00 +0000 UTC,local,12.33,,10.33,15.34,1014,,,,1.2,,,sky is clear
1680598800,2023-04-04 09:00:00 +0000 UTC,local,16.0,,15.0,17.44,1014,,,,2.57,,,sky is clear
1680602400,2023-04-04 10:00:00 +0000 UTC,local,18.0,,17.0,19.49,1015,,,,3.43,,,sky is clear
1680606000,2023-04-04 11:00:00 +0000 UTC,local,19.67,,19.39,20.83,1015,,,,4.8,,,sky is clear
1680609600,2023-04-04 12:00:00 +0000 UTC,local,20.67,,20.55,21.62,1015,,,,4.63,,,sky is clear
1680613200,2023-04-04 13:00:00 +0000 UTC,local,21.0,,21.0,21.93,1015,,,,4.29,,,sky is clear
1680616800,2023-04-04 14:00:00 +0000 UTC,local,22.33,,21.26,24.64,1014,,,,3.78,,,sky is clear
1680620400,2023-04-04 15:00:00 +0000 UTC,local,24.0,,24.0,24.34,1014,,,,4.63,,,sky is clear
1680624000,2023-04-04 16:00:00 +0000 UTC,local,23.33,,22.06,24.24,1014,,,,4.8,,,sky is clear
1680627600,2023-04-04 17:00:00 +0000 UTC,local,23.0,,22.0,24.7,1014,,,,5.14,,,sky is clear
1680631200,2023-04-04 18:00:00 +0000 UTC,local,21.67,,20.37,24.5,1014,,,,4.63,,,sky is clear
1680634800,2023-04-04 19:00:00 +0000 UTC,local,18.33,,17.16,20.5,1014,,,,4.12,,,sky is clear
1680638400,2023-04-04 20:00:00 +0000 UTC,local,16.0,,15.0,17.05,1015,,,,2.57,,,sky is clear
1680642000,2023-04-04 21:00:00 +0000 UTC,local,14.33,,14.1,15.98,1015,,,,1.2,,,sky is clear
1680645600,2023-04-04 22:00:00 +0000 UTC,local,13.33,,12.17,14.34,1016,,,,1.2,,,sky is clear
1680649200,2023-04-04 23:00:00 +0000 UTC,local,12.67,,11.48,14.89,1017,,,,1.37,,,sky is clear